MCTS_SIM,Day,Hour,HourAhead,Error
50000,0,0,0,0,-17561.581040188954
50000,0,0,0,1,-17561.581040188954
50000,0,0,0,2,-17561.581040188954
50000,0,0,0,3,-17561.581040188954
50000,0,0,0,4,-17561.581040188954
50000,0,0,0,5,-17561.581040188954
50000,0,0,0,6,-17561.581040188954
50000,0,0,0,7,-17561.581040188954
50000,0,0,0,8,-17561.581040188954
50000,0,0,0,9,-10391.785843863003
50000,1,0,1,0,-16608.18260700686
50000,1,0,1,1,-16608.18260700686
50000,1,0,1,2,-16608.18260700686
50000,1,0,1,3,-16608.18260700686
50000,1,0,1,4,-16608.18260700686
50000,1,0,1,5,-16608.18260700686
50000,1,0,1,6,-16608.18260700686
50000,1,0,1,7,-16608.18260700686
50000,1,0,1,8,-16608.18260700686
50000,1,0,1,9,-9816.140475189768
50000,2,0,2,0,-17091.227882944706
50000,2,0,2,1,-17091.227882944706
50000,2,0,2,2,-17091.227882944706
50000,2,0,2,3,-17091.227882944706
50000,2,0,2,4,-17091.227882944706
50000,2,0,2,5,-17091.227882944706
50000,2,0,2,6,-17091.227882944706
50000,2,0,2,7,-17091.227882944706
50000,2,0,2,8,-17091.227882944706
50000,2,0,2,9,324.4600966530561
50000,3,0,3,0,-16624.540136406624
50000,3,0,3,1,-16624.540136406624
50000,3,0,3,2,-16624.540136406624
50000,3,0,3,3,-16624.540136406624
50000,3,0,3,4,-16624.540136406624
50000,3,0,3,5,-16624.540136406624
50000,3,0,3,6,-16624.540136406624
50000,3,0,3,7,-16624.540136406624
50000,3,0,3,8,-16624.540136406624
50000,3,0,3,9,1698.0961785387153
50000,4,0,4,0,-17118.28321025565
50000,4,0,4,1,-17118.28321025565
50000,4,0,4,2,-17118.28321025565
50000,4,0,4,3,-17118.28321025565
50000,4,0,4,4,-17118.28321025565
50000,4,0,4,5,-17118.28321025565
50000,4,0,4,6,-17118.28321025565
50000,4,0,4,7,-17118.28321025565
50000,4,0,4,8,-17118.28321025565
50000,4,0,4,9,409.6039098672627
50000,5,0,5,0,-17658.32177913372
50000,5,0,5,1,-17658.32177913372
50000,5,0,5,2,-17658.32177913372
50000,5,0,5,3,-17658.32177913372
50000,5,0,5,4,-17658.32177913372
50000,5,0,5,5,-17658.32177913372
50000,5,0,5,6,-17658.32177913372
50000,5,0,5,7,-17658.32177913372
50000,5,0,5,8,-17658.32177913372
50000,5,0,5,9,-343.1472357332459
50000,6,0,6,0,-17882.164377757224
50000,6,0,6,1,-17882.164377757224
50000,6,0,6,2,-17882.164377757224
50000,6,0,6,3,-17882.164377757224
50000,6,0,6,4,-17882.164377757224
50000,6,0,6,5,-17882.164377757224
50000,6,0,6,6,-17882.164377757224
50000,6,0,6,7,-17882.164377757224
50000,6,0,6,8,-17882.164377757224
50000,6,0,6,9,-13289.412179285075
50000,7,0,7,0,-16059.255494425683
50000,7,0,7,1,-16059.255494425683
50000,7,0,7,2,-16059.255494425683
50000,7,0,7,3,-16059.255494425683
50000,7,0,7,4,-16059.255494425683
50000,7,0,7,5,-16059.255494425683
50000,7,0,7,6,-16059.255494425683
50000,7,0,7,7,-16059.255494425683
50000,7,0,7,8,-16059.255494425683
50000,7,0,7,9,-14232.969126458353
50000,8,0,8,0,-16408.4113286637
50000,8,0,8,1,-16408.4113286637
50000,8,0,8,2,-16408.4113286637
50000,8,0,8,3,-16408.4113286637
50000,8,0,8,4,-16408.4113286637
50000,8,0,8,5,-16408.4113286637
50000,8,0,8,6,-16408.4113286637
50000,8,0,8,7,-16408.4113286637
50000,8,0,8,8,-16408.4113286637
50000,8,0,8,9,-1682.0859705173825
50000,9,0,9,0,-16287.70950299108
50000,9,0,9,1,-16287.70950299108
50000,9,0,9,2,-16287.70950299108
50000,9,0,9,3,-16287.70950299108
50000,9,0,9,4,-16287.70950299108
50000,9,0,9,5,-16287.70950299108
50000,9,0,9,6,-16287.70950299108
50000,9,0,9,7,-16287.70950299108
50000,9,0,9,8,-16287.70950299108
50000,9,0,9,9,66.34601293149899
50000,10,0,10,0,-16445.2322425599
50000,10,0,10,1,-16445.2322425599
50000,10,0,10,2,-16445.2322425599
50000,10,0,10,3,-16445.2322425599
50000,10,0,10,4,-16445.2322425599
50000,10,0,10,5,-16445.2322425599
50000,10,0,10,6,-16445.2322425599
50000,10,0,10,7,-16445.2322425599
50000,10,0,10,8,-16445.2322425599
50000,10,0,10,9,-6119.782856658527
50000,11,0,11,0,-16955.811887396812
50000,11,0,11,1,-16955.811887396812
50000,11,0,11,2,-16955.811887396812
50000,11,0,11,3,-16955.811887396812
50000,11,0,11,4,-16955.811887396812
50000,11,0,11,5,-16955.811887396812
50000,11,0,11,6,-16955.811887396812
50000,11,0,11,7,-16955.811887396812
50000,11,0,11,8,-16955.811887396812
50000,11,0,11,9,-2432.7493924235678
50000,12,0,12,0,-16335.146536121329
50000,12,0,12,1,-16335.146536121329
50000,12,0,12,2,-16335.146536121329
50000,12,0,12,3,-16335.146536121329
50000,12,0,12,4,-16335.146536121329
50000,12,0,12,5,-16335.146536121329
50000,12,0,12,6,-16335.146536121329
50000,12,0,12,7,-16335.146536121329
50000,12,0,12,8,-16335.146536121329
50000,12,0,12,9,30.079094419634202
50000,13,0,13,0,-16991.250545419214
50000,13,0,13,1,-16991.250545419214
50000,13,0,13,2,-16991.250545419214
50000,13,0,13,3,-16991.250545419214
50000,13,0,13,4,-16991.250545419214
50000,13,0,13,5,-16991.250545419214
50000,13,0,13,6,-16991.250545419214
50000,13,0,13,7,-16991.250545419214
50000,13,0,13,8,-16991.250545419214
50000,13,0,13,9,-2922.3149909175336
50000,14,0,14,0,-16611.350948661508
50000,14,0,14,1,-16611.350948661508
50000,14,0,14,2,-16611.350948661508
50000,14,0,14,3,-16611.350948661508
50000,14,0,14,4,-16611.350948661508
50000,14,0,14,5,-16611.350948661508
50000,14,0,14,6,-16611.350948661508
50000,14,0,14,7,-16611.350948661508
50000,14,0,14,8,-16611.350948661508
50000,14,0,14,9,1769.100619169134
50000,15,0,15,0,-16957.18502971296
50000,15,0,15,1,-16957.18502971296
50000,15,0,15,2,-16957.18502971296
50000,15,0,15,3,-16957.18502971296
50000,15,0,15,4,-16957.18502971296
50000,15,0,15,5,-16957.18502971296
50000,15,0,15,6,-16957.18502971296
50000,15,0,15,7,-16957.18502971296
50000,15,0,15,8,-16957.18502971296
50000,15,0,15,9,2397.3009689858372
50000,16,0,16,0,-16189.635771823198
50000,16,0,16,1,-16189.635771823198
50000,16,0,16,2,-16189.635771823198
50000,16,0,16,3,-16189.635771823198
50000,16,0,16,4,-16189.635771823198
50000,16,0,16,5,-16189.635771823198
50000,16,0,16,6,-16189.635771823198
50000,16,0,16,7,-16189.635771823198
50000,16,0,16,8,-16189.635771823198
50000,16,0,16,9,2464.308026589817
50000,17,0,17,0,-16008.86358843193
50000,17,0,17,1,-16008.86358843193
50000,17,0,17,2,-16008.86358843193
50000,17,0,17,3,-16008.86358843193
50000,17,0,17,4,-16008.86358843193
50000,17,0,17,5,-16008.86358843193
50000,17,0,17,6,-16008.86358843193
50000,17,0,17,7,-16008.86358843193
50000,17,0,17,8,-16008.86358843193
50000,17,0,17,9,-1317.1200858245647
50000,18,0,18,0,-16426.499953284965
50000,18,0,18,1,-16426.499953284965
50000,18,0,18,2,-16426.499953284965
50000,18,0,18,3,-16426.499953284965
50000,18,0,18,4,-16426.499953284965
50000,18,0,18,5,-16426.499953284965
50000,18,0,18,6,-16426.499953284965
50000,18,0,18,7,-16426.499953284965
50000,18,0,18,8,-16426.499953284965
50000,18,0,18,9,-4946.292642823319
50000,19,0,19,0,-11877.804108806726
50000,19,0,19,1,-15587.789716475512
50000,19,0,19,2,-19170.64075638092
50000,19,0,19,3,-21903.61793706406
50000,19,0,19,4,-27852.251196324185
50000,19,0,19,5,-32305.48233694915
50000,19,0,19,6,-36132.95652182091
50000,19,0,19,7,-40299.287215052456
50000,19,0,19,8,-44480.19203649247
50000,19,0,19,9,-47597.17666126105
50000,20,0,20,0,-6864.347517741609
50000,20,0,20,1,-6864.347517741609
50000,20,0,20,2,-6864.347517741609
50000,20,0,20,3,-6864.347517741609
50000,20,0,20,4,-6864.347517741609
50000,20,0,20,5,-6864.347517741609
50000,20,0,20,6,-6864.347517741609
50000,20,0,20,7,-6864.347517741609
50000,20,0,20,8,-18573.3961393404
50000,20,0,20,9,-6036.917851114085
50000,21,0,21,0,-18830.732320647185
50000,21,0,21,1,-18830.732320647185
50000,21,0,21,2,-18830.732320647185
50000,21,0,21,3,-18830.732320647185
50000,21,0,21,4,-18830.732320647185
50000,21,0,21,5,-18830.732320647185
50000,21,0,21,6,-18830.732320647185
50000,21,0,21,7,-18830.732320647185
50000,21,0,21,8,-18830.732320647185
50000,21,0,21,9,-16034.430553935374
50000,22,0,22,0,-16355.468389677466
50000,22,0,22,1,-16355.468389677466
50000,22,0,22,2,-16355.468389677466
50000,22,0,22,3,-16355.468389677466
50000,22,0,22,4,-16355.468389677466
50000,22,0,22,5,-16355.468389677466
50000,22,0,22,6,-16355.468389677466
50000,22,0,22,7,-16355.468389677466
50000,22,0,22,8,-16355.468389677466
50000,22,0,22,9,-13014.475141707106
50000,23,0,23,0,-17360.487044209087
50000,23,0,23,1,-17360.487044209087
50000,23,0,23,2,-17360.487044209087
50000,23,0,23,3,-17360.487044209087
50000,23,0,23,4,-17360.487044209087
50000,23,0,23,5,-17360.487044209087
50000,23,0,23,6,-17360.487044209087
50000,23,0,23,7,-17360.487044209087
50000,23,0,23,8,-17360.487044209087
50000,23,0,23,9,-8414.420610096127
50000,24,1,0,0,-16455.029205726063
50000,24,1,0,1,-16455.029205726063
50000,24,1,0,2,-16455.029205726063
50000,24,1,0,3,-16455.029205726063
50000,24,1,0,4,-16455.029205726063
50000,24,1,0,5,-16455.029205726063
50000,24,1,0,6,-16455.029205726063
50000,24,1,0,7,-16455.029205726063
50000,24,1,0,8,-16455.029205726063
50000,24,1,0,9,-9012.569761312185
50000,25,1,1,0,-17162.962472926876
50000,25,1,1,1,-17162.962472926876
50000,25,1,1,2,-17162.962472926876
50000,25,1,1,3,-17162.962472926876
50000,25,1,1,4,-17162.962472926876
50000,25,1,1,5,-17162.962472926876
50000,25,1,1,6,-17162.962472926876
50000,25,1,1,7,-17162.962472926876
50000,25,1,1,8,-17162.962472926876
50000,25,1,1,9,-8630.19766338219
50000,26,1,2,0,-17304.933877528034
50000,26,1,2,1,-17304.933877528034
50000,26,1,2,2,-17304.933877528034
50000,26,1,2,3,-17304.933877528034
50000,26,1,2,4,-17304.933877528034
50000,26,1,2,5,-17304.933877528034
50000,26,1,2,6,-17304.933877528034
50000,26,1,2,7,-17304.933877528034
50000,26,1,2,8,-17304.933877528034
50000,26,1,2,9,-4593.667111033297
50000,27,1,3,0,-16163.740618047637
50000,27,1,3,1,-16163.740618047637
50000,27,1,3,2,-16163.740618047637
50000,27,1,3,3,-16163.740618047637
50000,27,1,3,4,-16163.740618047637
50000,27,1,3,5,-16163.740618047637
50000,27,1,3,6,-16163.740618047637
50000,27,1,3,7,-16163.740618047637
50000,27,1,3,8,-16163.740618047637
50000,27,1,3,9,181.9652218508163
50000,28,1,4,0,-16497.791106185006
50000,28,1,4,1,-16497.791106185006
50000,28,1,4,2,-16497.791106185006
50000,28,1,4,3,-16497.791106185006
50000,28,1,4,4,-16497.791106185006
50000,28,1,4,5,-16497.791106185006
50000,28,1,4,6,-16497.791106185006
50000,28,1,4,7,-16497.791106185006
50000,28,1,4,8,-16497.791106185006
50000,28,1,4,9,-2242.4906825613834
50000,29,1,5,0,-17332.729981721466
50000,29,1,5,1,-17332.729981721466
50000,29,1,5,2,-17332.729981721466
50000,29,1,5,3,-17332.729981721466
50000,29,1,5,4,-17332.729981721466
50000,29,1,5,5,-17332.729981721466
50000,29,1,5,6,-17332.729981721466
50000,29,1,5,7,-17332.729981721466
50000,29,1,5,8,-17332.729981721466
50000,29,1,5,9,-481.5614570551734
50000,30,1,6,0,-16381.398923428791
50000,30,1,6,1,-16381.398923428791
50000,30,1,6,2,-16381.398923428791
50000,30,1,6,3,-16381.398923428791
50000,30,1,6,4,-16381.398923428791
50000,30,1,6,5,-16381.398923428791
50000,30,1,6,6,-16381.398923428791
50000,30,1,6,7,-16381.398923428791
50000,30,1,6,8,-16381.398923428791
50000,30,1,6,9,-175.69043635497655
50000,31,1,7,0,-17496.82927398682
50000,31,1,7,1,-17496.82927398682
50000,31,1,7,2,-17496.82927398682
50000,31,1,7,3,-17496.82927398682
50000,31,1,7,4,-17496.82927398682
50000,31,1,7,5,-17496.82927398682
50000,31,1,7,6,-17496.82927398682
50000,31,1,7,7,-17496.82927398682
50000,31,1,7,8,-17496.82927398682
50000,31,1,7,9,-10052.683476811806
50000,32,1,8,0,-17032.44077184183
50000,32,1,8,1,-17032.44077184183
50000,32,1,8,2,-17032.44077184183
50000,32,1,8,3,-17032.44077184183
50000,32,1,8,4,-17032.44077184183
50000,32,1,8,5,-17032.44077184183
50000,32,1,8,6,-17032.44077184183
50000,32,1,8,7,-17032.44077184183
50000,32,1,8,8,-17032.44077184183
50000,32,1,8,9,-7349.337407193285
50000,33,1,9,0,-17734.237561222188
50000,33,1,9,1,-17734.237561222188
50000,33,1,9,2,-17734.237561222188
50000,33,1,9,3,-17734.237561222188
50000,33,1,9,4,-17734.237561222188
50000,33,1,9,5,-17734.237561222188
50000,33,1,9,6,-17734.237561222188
50000,33,1,9,7,-17734.237561222188
50000,33,1,9,8,-17734.237561222188
50000,33,1,9,9,-9463.272212926437
50000,34,1,10,0,-16828.95806675905
50000,34,1,10,1,-16828.95806675905
50000,34,1,10,2,-16828.95806675905
50000,34,1,10,3,-16828.95806675905
50000,34,1,10,4,-16828.95806675905
50000,34,1,10,5,-16828.95806675905
50000,34,1,10,6,-16828.95806675905
50000,34,1,10,7,-16828.95806675905
50000,34,1,10,8,-16828.95806675905
50000,34,1,10,9,-8890.854833246198
50000,35,1,11,0,-16332.482317333051
50000,35,1,11,1,-16332.482317333051
50000,35,1,11,2,-16332.482317333051
50000,35,1,11,3,-16332.482317333051
50000,35,1,11,4,-16332.482317333051
50000,35,1,11,5,-16332.482317333051
50000,35,1,11,6,-16332.482317333051
50000,35,1,11,7,-16332.482317333051
50000,35,1,11,8,-16332.482317333051
50000,35,1,11,9,-10209.157239939363
50000,36,1,12,0,-18224.188237467148
50000,36,1,12,1,-18224.188237467148
50000,36,1,12,2,-18224.188237467148
50000,36,1,12,3,-18224.188237467148
50000,36,1,12,4,-18224.188237467148
50000,36,1,12,5,-18224.188237467148
50000,36,1,12,6,-18224.188237467148
50000,36,1,12,7,-18224.188237467148
50000,36,1,12,8,-18224.188237467148
50000,36,1,12,9,-9575.384139247573
50000,37,1,13,0,-16650.312296957865
50000,37,1,13,1,-16650.312296957865
50000,37,1,13,2,-16650.312296957865
50000,37,1,13,3,-16650.312296957865
50000,37,1,13,4,-16650.312296957865
50000,37,1,13,5,-16650.312296957865
50000,37,1,13,6,-16650.312296957865
50000,37,1,13,7,-16650.312296957865
50000,37,1,13,8,-16650.312296957865
50000,37,1,13,9,-10149.418718740955
50000,38,1,14,0,-17935.088720782842
50000,38,1,14,1,-17935.088720782842
50000,38,1,14,2,-17935.088720782842
50000,38,1,14,3,-17935.088720782842
50000,38,1,14,4,-17935.088720782842
50000,38,1,14,5,-17935.088720782842
50000,38,1,14,6,-17935.088720782842
50000,38,1,14,7,-17935.088720782842
50000,38,1,14,8,-17935.088720782842
50000,38,1,14,9,-10284.337635307555
50000,39,1,15,0,-16660.4308332124
50000,39,1,15,1,-16660.4308332124
50000,39,1,15,2,-16660.4308332124
50000,39,1,15,3,-16660.4308332124
50000,39,1,15,4,-16660.4308332124
50000,39,1,15,5,-16660.4308332124
50000,39,1,15,6,-16660.4308332124
50000,39,1,15,7,-16660.4308332124
50000,39,1,15,8,-16660.4308332124
50000,39,1,15,9,-8324.479479953003
50000,40,1,16,0,-16000.74240899935
50000,40,1,16,1,-16000.74240899935
50000,40,1,16,2,-16000.74240899935
50000,40,1,16,3,-16000.74240899935
50000,40,1,16,4,-16000.74240899935
50000,40,1,16,5,-16000.74240899935
50000,40,1,16,6,-16000.74240899935
50000,40,1,16,7,-16000.74240899935
50000,40,1,16,8,-16000.74240899935
50000,40,1,16,9,-7907.137655980554
50000,41,1,17,0,-16089.57607840698
50000,41,1,17,1,-16089.57607840698
50000,41,1,17,2,-16089.57607840698
50000,41,1,17,3,-16089.57607840698
50000,41,1,17,4,-16089.57607840698
50000,41,1,17,5,-16089.57607840698
50000,41,1,17,6,-16089.57607840698
50000,41,1,17,7,-16089.57607840698
50000,41,1,17,8,-16089.57607840698
50000,41,1,17,9,-11265.719171984943
50000,42,1,18,0,-16235.925667708429
50000,42,1,18,1,-16235.925667708429
50000,42,1,18,2,-16235.925667708429
50000,42,1,18,3,-16235.925667708429
50000,42,1,18,4,-16235.925667708429
50000,42,1,18,5,-16235.925667708429
50000,42,1,18,6,-16235.925667708429
50000,42,1,18,7,-16235.925667708429
50000,42,1,18,8,-16235.925667708429
50000,42,1,18,9,-11167.466321543674
50000,43,1,19,0,-16741.010604759496
50000,43,1,19,1,-16741.010604759496
50000,43,1,19,2,-16741.010604759496
50000,43,1,19,3,-16741.010604759496
50000,43,1,19,4,-16741.010604759496
50000,43,1,19,5,-16741.010604759496
50000,43,1,19,6,-16741.010604759496
50000,43,1,19,7,-16741.010604759496
50000,43,1,19,8,-16741.010604759496
50000,43,1,19,9,-14408.181464610076
50000,44,1,20,0,-18592.847581842118
50000,44,1,20,1,-18592.847581842118
50000,44,1,20,2,-18592.847581842118
50000,44,1,20,3,-18592.847581842118
50000,44,1,20,4,-18592.847581842118
50000,44,1,20,5,-18592.847581842118
50000,44,1,20,6,-18592.847581842118
50000,44,1,20,7,-18592.847581842118
50000,44,1,20,8,-18592.847581842118
50000,44,1,20,9,-14443.559217298622
50000,45,1,21,0,-18893.728963193244
50000,45,1,21,1,-18893.728963193244
50000,45,1,21,2,-18893.728963193244
50000,45,1,21,3,-18893.728963193244
50000,45,1,21,4,-18893.728963193244
50000,45,1,21,5,-18893.728963193244
50000,45,1,21,6,-18893.728963193244
50000,45,1,21,7,-18893.728963193244
50000,45,1,21,8,-18893.728963193244
50000,45,1,21,9,-11163.688783230667
50000,46,1,22,0,-16657.576533695574
50000,46,1,22,1,-16657.576533695574
50000,46,1,22,2,-16657.576533695574
50000,46,1,22,3,-16657.576533695574
50000,46,1,22,4,-16657.576533695574
50000,46,1,22,5,-16657.576533695574
50000,46,1,22,6,-16657.576533695574
50000,46,1,22,7,-16657.576533695574
50000,46,1,22,8,-16657.576533695574
50000,46,1,22,9,-9050.019246039741
50000,47,1,23,0,-17771.988209742056
50000,47,1,23,1,-17771.988209742056
50000,47,1,23,2,-17771.988209742056
50000,47,1,23,3,-17771.988209742056
50000,47,1,23,4,-17771.988209742056
50000,47,1,23,5,-17771.988209742056
50000,47,1,23,6,-17771.988209742056
50000,47,1,23,7,-17771.988209742056
50000,47,1,23,8,-17771.988209742056
50000,47,1,23,9,-7830.7442134462035
50000,48,2,0,0,-16484.405112932986
50000,48,2,0,1,-16484.405112932986
50000,48,2,0,2,-16484.405112932986
50000,48,2,0,3,-16484.405112932986
50000,48,2,0,4,-16484.405112932986
50000,48,2,0,5,-16484.405112932986
50000,48,2,0,6,-16484.405112932986
50000,48,2,0,7,-16484.405112932986
50000,48,2,0,8,-16484.405112932986
50000,48,2,0,9,-7837.293715595064
50000,49,2,1,0,-16545.840339088416
50000,49,2,1,1,-16545.840339088416
50000,49,2,1,2,-16545.840339088416
50000,49,2,1,3,-16545.840339088416
50000,49,2,1,4,-16545.840339088416
50000,49,2,1,5,-16545.840339088416
50000,49,2,1,6,-16545.840339088416
50000,49,2,1,7,-16545.840339088416
50000,49,2,1,8,-16545.840339088416
50000,49,2,1,9,-3739.789084004402
50000,50,2,2,0,-17829.352191294598
50000,50,2,2,1,-17829.352191294598
50000,50,2,2,2,-17829.352191294598
50000,50,2,2,3,-17829.352191294598
50000,50,2,2,4,-17829.352191294598
50000,50,2,2,5,-17829.352191294598
50000,50,2,2,6,-17829.352191294598
50000,50,2,2,7,-17829.352191294598
50000,50,2,2,8,-17829.352191294598
50000,50,2,2,9,-2845.7972551869207
50000,51,2,3,0,-18072.84962413514
50000,51,2,3,1,-18072.84962413514
50000,51,2,3,2,-18072.84962413514
50000,51,2,3,3,-18072.84962413514
50000,51,2,3,4,-18072.84962413514
50000,51,2,3,5,-18072.84962413514
50000,51,2,3,6,-18072.84962413514
50000,51,2,3,7,-18072.84962413514
50000,51,2,3,8,-18072.84962413514
50000,51,2,3,9,-889.4900631693054
50000,52,2,4,0,-16412.316694999838
50000,52,2,4,1,-16412.316694999838
50000,52,2,4,2,-16412.316694999838
50000,52,2,4,3,-16412.316694999838
50000,52,2,4,4,-16412.316694999838
50000,52,2,4,5,-16412.316694999838
50000,52,2,4,6,-16412.316694999838
50000,52,2,4,7,-16412.316694999838
50000,52,2,4,8,-16412.316694999838
50000,52,2,4,9,25.541063007603952
50000,53,2,5,0,-17357.8205405015
50000,53,2,5,1,-17357.8205405015
50000,53,2,5,2,-17357.8205405015
50000,53,2,5,3,-17357.8205405015
50000,53,2,5,4,-17357.8205405015
50000,53,2,5,5,-17357.8205405015
50000,53,2,5,6,-17357.8205405015
50000,53,2,5,7,-17357.8205405015
50000,53,2,5,8,-17357.8205405015
50000,53,2,5,9,-409.28513347217086
50000,54,2,6,0,-16650.915036917268
50000,54,2,6,1,-16650.915036917268
50000,54,2,6,2,-16650.915036917268
50000,54,2,6,3,-16650.915036917268
50000,54,2,6,4,-16650.915036917268
50000,54,2,6,5,-16650.915036917268
50000,54,2,6,6,-16650.915036917268
50000,54,2,6,7,-16650.915036917268
50000,54,2,6,8,-16650.915036917268
50000,54,2,6,9,3433.2535903768803
50000,55,2,7,0,-16966.08423422382
50000,55,2,7,1,-16966.08423422382
50000,55,2,7,2,-16966.08423422382
50000,55,2,7,3,-16966.08423422382
50000,55,2,7,4,-16966.08423422382
50000,55,2,7,5,-16966.08423422382
50000,55,2,7,6,-16966.08423422382
50000,55,2,7,7,-16966.08423422382
50000,55,2,7,8,-16966.08423422382
50000,55,2,7,9,-10387.362166851282
50000,56,2,8,0,-16724.096945134657
50000,56,2,8,1,-16724.096945134657
50000,56,2,8,2,-16724.096945134657
50000,56,2,8,3,-16724.096945134657
50000,56,2,8,4,-16724.096945134657
50000,56,2,8,5,-16724.096945134657
50000,56,2,8,6,-16724.096945134657
50000,56,2,8,7,-16724.096945134657
50000,56,2,8,8,-16724.096945134657
50000,56,2,8,9,-11029.743489125598
50000,57,2,9,0,-6728.431084753428
50000,57,2,9,1,-6728.431084753428
50000,57,2,9,2,-6728.431084753428
50000,57,2,9,3,-6728.431084753428
50000,57,2,9,4,-6728.431084753428
50000,57,2,9,5,-6728.431084753428
50000,57,2,9,6,-6728.431084753428
50000,57,2,9,7,-6728.431084753428
50000,57,2,9,8,-6728.431084753428
50000,57,2,9,9,-5516.001154808946
50000,58,2,10,0,-16420.649954008244
50000,58,2,10,1,-16420.649954008244
50000,58,2,10,2,-16420.649954008244
50000,58,2,10,3,-16420.649954008244
50000,58,2,10,4,-16420.649954008244
50000,58,2,10,5,-16420.649954008244
50000,58,2,10,6,-16420.649954008244
50000,58,2,10,7,-16420.649954008244
50000,58,2,10,8,-16420.649954008244
50000,58,2,10,9,-12496.849687286813
50000,59,2,11,0,-16465.9492682698
50000,59,2,11,1,-16465.9492682698
50000,59,2,11,2,-16465.9492682698
50000,59,2,11,3,-16465.9492682698
50000,59,2,11,4,-16465.9492682698
50000,59,2,11,5,-16465.9492682698
50000,59,2,11,6,-16465.9492682698
50000,59,2,11,7,-16465.9492682698
50000,59,2,11,8,-16465.9492682698
50000,59,2,11,9,-11049.979641944134
50000,60,2,12,0,-17043.880110171754
50000,60,2,12,1,-17043.880110171754
50000,60,2,12,2,-17043.880110171754
50000,60,2,12,3,-17043.880110171754
50000,60,2,12,4,-17043.880110171754
50000,60,2,12,5,-17043.880110171754
50000,60,2,12,6,-17043.880110171754
50000,60,2,12,7,-17043.880110171754
50000,60,2,12,8,-17043.880110171754
50000,60,2,12,9,-11176.685995019692
50000,61,2,13,0,-16426.038394279676
50000,61,2,13,1,-16426.038394279676
50000,61,2,13,2,-16426.038394279676
50000,61,2,13,3,-16426.038394279676
50000,61,2,13,4,-16426.038394279676
50000,61,2,13,5,-16426.038394279676
50000,61,2,13,6,-16426.038394279676
50000,61,2,13,7,-16426.038394279676
50000,61,2,13,8,-16426.038394279676
50000,61,2,13,9,-10660.189260573989
50000,62,2,14,0,-6499.60761523695
50000,62,2,14,1,-6499.60761523695
50000,62,2,14,2,-6499.60761523695
50000,62,2,14,3,-6499.60761523695
50000,62,2,14,4,-6499.60761523695
50000,62,2,14,5,-6499.60761523695
50000,62,2,14,6,-6499.60761523695
50000,62,2,14,7,-6499.60761523695
50000,62,2,14,8,-6499.60761523695
50000,62,2,14,9,818.9238430478508
50000,63,2,15,0,-16324.346105504157
50000,63,2,15,1,-16324.346105504157
50000,63,2,15,2,-16324.346105504157
50000,63,2,15,3,-16324.346105504157
50000,63,2,15,4,-16324.346105504157
50000,63,2,15,5,-16324.346105504157
50000,63,2,15,6,-16324.346105504157
50000,63,2,15,7,-16324.346105504157
50000,63,2,15,8,-16324.346105504157
50000,63,2,15,9,-10387.024148723805
50000,64,2,16,0,-6782.896840051316
50000,64,2,16,1,-6782.896840051316
50000,64,2,16,2,-6782.896840051316
50000,64,2,16,3,-6782.896840051316
50000,64,2,16,4,-6782.896840051316
50000,64,2,16,5,-6782.896840051316
50000,64,2,16,6,-6782.896840051316
50000,64,2,16,7,-6782.896840051316
50000,64,2,16,8,-6782.896840051316
50000,64,2,16,9,409.4248664069637
50000,65,2,17,0,-6813.091923030969
50000,65,2,17,1,-6813.091923030969
50000,65,2,17,2,-6813.091923030969
50000,65,2,17,3,-6813.091923030969
50000,65,2,17,4,-6813.091923030969
50000,65,2,17,5,-6813.091923030969
50000,65,2,17,6,-6813.091923030969
50000,65,2,17,7,-6813.091923030969
50000,65,2,17,8,-6813.091923030969
50000,65,2,17,9,98.82327002438615
50000,66,2,18,0,-16006.27695683786
50000,66,2,18,1,-16006.27695683786
50000,66,2,18,2,-16006.27695683786
50000,66,2,18,3,-16006.27695683786
50000,66,2,18,4,-16006.27695683786
50000,66,2,18,5,-16006.27695683786
50000,66,2,18,6,-16006.27695683786
50000,66,2,18,7,-16006.27695683786
50000,66,2,18,8,-16006.27695683786
50000,66,2,18,9,-11224.579500533488
50000,67,2,19,0,-13925.541490805057
50000,67,2,19,1,-13925.541490805057
50000,67,2,19,2,-13925.541490805057
50000,67,2,19,3,-13925.541490805057
50000,67,2,19,4,-13925.541490805057
50000,67,2,19,5,-13925.541490805057
50000,67,2,19,6,-13925.541490805057
50000,67,2,19,7,-13925.541490805057
50000,67,2,19,8,-13925.541490805057
50000,67,2,19,9,-12461.335184382217
50000,68,2,20,0,-6712.629176725227
50000,68,2,20,1,-6712.629176725227
50000,68,2,20,2,-6712.629176725227
50000,68,2,20,3,-6712.629176725227
50000,68,2,20,4,-6712.629176725227
50000,68,2,20,5,-6712.629176725227
50000,68,2,20,6,-6712.629176725227
50000,68,2,20,7,-6712.629176725227
50000,68,2,20,8,-6712.629176725227
50000,68,2,20,9,-5885.135724503001
50000,69,2,21,0,-16474.62944042682
50000,69,2,21,1,-16474.62944042682
50000,69,2,21,2,-16474.62944042682
50000,69,2,21,3,-16474.62944042682
50000,69,2,21,4,-16474.62944042682
50000,69,2,21,5,-16474.62944042682
50000,69,2,21,6,-16474.62944042682
50000,69,2,21,7,-16474.62944042682
50000,69,2,21,8,-16474.62944042682
50000,69,2,21,9,-11330.898494078014
50000,70,2,22,0,-6443.271433833638
50000,70,2,22,1,-6443.271433833638
50000,70,2,22,2,-6443.271433833638
50000,70,2,22,3,-6443.271433833638
50000,70,2,22,4,-6443.271433833638
50000,70,2,22,5,-6443.271433833638
50000,70,2,22,6,-6443.271433833638
50000,70,2,22,7,-6443.271433833638
50000,70,2,22,8,-6443.271433833638
50000,70,2,22,9,1218.1043100255556
50000,71,2,23,0,-16125.657768477484
50000,71,2,23,1,-16125.657768477484
50000,71,2,23,2,-16125.657768477484
50000,71,2,23,3,-16125.657768477484
50000,71,2,23,4,-16125.657768477484
50000,71,2,23,5,-16125.657768477484
50000,71,2,23,6,-16125.657768477484
50000,71,2,23,7,-16125.657768477484
50000,71,2,23,8,-16125.657768477484
50000,71,2,23,9,-11946.61516849991
50000,72,3,0,0,-18372.443477242465
50000,72,3,0,1,-18372.443477242465
50000,72,3,0,2,-18372.443477242465
50000,72,3,0,3,-18372.443477242465
50000,72,3,0,4,-18372.443477242465
50000,72,3,0,5,-18372.443477242465
50000,72,3,0,6,-18372.443477242465
50000,72,3,0,7,-18372.443477242465
50000,72,3,0,8,-18372.443477242465
50000,72,3,0,9,-13046.38477150814
50000,73,3,1,0,-16367.935243451913
50000,73,3,1,1,-16367.935243451913
50000,73,3,1,2,-16367.935243451913
50000,73,3,1,3,-16367.935243451913
50000,73,3,1,4,-16367.935243451913
50000,73,3,1,5,-16367.935243451913
50000,73,3,1,6,-16367.935243451913
50000,73,3,1,7,-16367.935243451913
50000,73,3,1,8,-16367.935243451913
50000,73,3,1,9,-15619.790745969283
50000,74,3,2,0,-16817.579611730922
50000,74,3,2,1,-16817.579611730922
50000,74,3,2,2,-16817.579611730922
50000,74,3,2,3,-16817.579611730922
50000,74,3,2,4,-16817.579611730922
50000,74,3,2,5,-16817.579611730922
50000,74,3,2,6,-16817.579611730922
50000,74,3,2,7,-16817.579611730922
50000,74,3,2,8,-16817.579611730922
50000,74,3,2,9,-10790.46203368944
50000,75,3,3,0,-16239.290839394002
50000,75,3,3,1,-16239.290839394002
50000,75,3,3,2,-16239.290839394002
50000,75,3,3,3,-16239.290839394002
50000,75,3,3,4,-16239.290839394002
50000,75,3,3,5,-16239.290839394002
50000,75,3,3,6,-16239.290839394002
50000,75,3,3,7,-16239.290839394002
50000,75,3,3,8,-16239.290839394002
50000,75,3,3,9,-7140.040897151161
50000,76,3,4,0,-16390.003122384493
50000,76,3,4,1,-16390.003122384493
50000,76,3,4,2,-16390.003122384493
50000,76,3,4,3,-16390.003122384493
50000,76,3,4,4,-16390.003122384493
50000,76,3,4,5,-16390.003122384493
50000,76,3,4,6,-16390.003122384493
50000,76,3,4,7,-16390.003122384493
50000,76,3,4,8,-16390.003122384493
50000,76,3,4,9,-10966.51777978623
50000,77,3,5,0,-16075.573376738863
50000,77,3,5,1,-16075.573376738863
50000,77,3,5,2,-16075.573376738863
50000,77,3,5,3,-16075.573376738863
50000,77,3,5,4,-16075.573376738863
50000,77,3,5,5,-16075.573376738863
50000,77,3,5,6,-16075.573376738863
50000,77,3,5,7,-16075.573376738863
50000,77,3,5,8,-16075.573376738863
50000,77,3,5,9,-11893.315117632817
50000,78,3,6,0,-16951.67224055073
50000,78,3,6,1,-16951.67224055073
50000,78,3,6,2,-16951.67224055073
50000,78,3,6,3,-16951.67224055073
50000,78,3,6,4,-16951.67224055073
50000,78,3,6,5,-16951.67224055073
50000,78,3,6,6,-16951.67224055073
50000,78,3,6,7,-16951.67224055073
50000,78,3,6,8,-16951.67224055073
50000,78,3,6,9,-11283.632950837226
50000,79,3,7,0,-17163.563877547742
50000,79,3,7,1,-17163.563877547742
50000,79,3,7,2,-17163.563877547742
50000,79,3,7,3,-17163.563877547742
50000,79,3,7,4,-17163.563877547742
50000,79,3,7,5,-17163.563877547742
50000,79,3,7,6,-17163.563877547742
50000,79,3,7,7,-17163.563877547742
50000,79,3,7,8,-17163.563877547742
50000,79,3,7,9,-13437.802085940217
50000,80,3,8,0,-16320.146581559424
50000,80,3,8,1,-16320.146581559424
50000,80,3,8,2,-16320.146581559424
50000,80,3,8,3,-16320.146581559424
50000,80,3,8,4,-16320.146581559424
50000,80,3,8,5,-16320.146581559424
50000,80,3,8,6,-16320.146581559424
50000,80,3,8,7,-16320.146581559424
50000,80,3,8,8,-16320.146581559424
50000,80,3,8,9,-15148.049084795046
50000,81,3,9,0,-10324.108277104975
50000,81,3,9,1,-10324.108277104975
50000,81,3,9,2,-10324.108277104975
50000,81,3,9,3,-10324.108277104975
50000,81,3,9,4,-10324.108277104975
50000,81,3,9,5,-10324.108277104975
50000,81,3,9,6,-10324.108277104975
50000,81,3,9,7,-10324.108277104975
50000,81,3,9,8,-10324.108277104975
50000,81,3,9,9,-6727.211594644708
50000,82,3,10,0,-17692.503450095846
50000,82,3,10,1,-17692.503450095846
50000,82,3,10,2,-17692.503450095846
50000,82,3,10,3,-17692.503450095846
50000,82,3,10,4,-17692.503450095846
50000,82,3,10,5,-17692.503450095846
50000,82,3,10,6,-17692.503450095846
50000,82,3,10,7,-17692.503450095846
50000,82,3,10,8,-17692.503450095846
50000,82,3,10,9,-13986.478965259768
50000,83,3,11,0,-17142.013788928325
50000,83,3,11,1,-17142.013788928325
50000,83,3,11,2,-17142.013788928325
50000,83,3,11,3,-17142.013788928325
50000,83,3,11,4,-17142.013788928325
50000,83,3,11,5,-17142.013788928325
50000,83,3,11,6,-17142.013788928325
50000,83,3,11,7,-17142.013788928325
50000,83,3,11,8,-17142.013788928325
50000,83,3,11,9,-13492.59778525677
50000,84,3,12,0,-6550.15851548481
50000,84,3,12,1,-6550.15851548481
50000,84,3,12,2,-6550.15851548481
50000,84,3,12,3,-6550.15851548481
50000,84,3,12,4,-6550.15851548481
50000,84,3,12,5,-6550.15851548481
50000,84,3,12,6,-6550.15851548481
50000,84,3,12,7,-6550.15851548481
50000,84,3,12,8,-6550.15851548481
50000,84,3,12,9,-729.942216856467
50000,85,3,13,0,-6671.882052209643
50000,85,3,13,1,-6671.882052209643
50000,85,3,13,2,-6671.882052209643
50000,85,3,13,3,-6671.882052209643
50000,85,3,13,4,-6671.882052209643
50000,85,3,13,5,-6671.882052209643
50000,85,3,13,6,-6671.882052209643
50000,85,3,13,7,-6671.882052209643
50000,85,3,13,8,-6671.882052209643
50000,85,3,13,9,-1292.767680433386
50000,86,3,14,0,-7024.380562011591
50000,86,3,14,1,-7024.380562011591
50000,86,3,14,2,-7024.380562011591
50000,86,3,14,3,-7024.380562011591
50000,86,3,14,4,-7024.380562011591
50000,86,3,14,5,-7024.380562011591
50000,86,3,14,6,-7024.380562011591
50000,86,3,14,7,-7024.380562011591
50000,86,3,14,8,-7024.380562011591
50000,86,3,14,9,-1082.3867013578165
50000,87,3,15,0,-6596.241827798395
50000,87,3,15,1,-6596.241827798395
50000,87,3,15,2,-6596.241827798395
50000,87,3,15,3,-6596.241827798395
50000,87,3,15,4,-6596.241827798395
50000,87,3,15,5,-6596.241827798395
50000,87,3,15,6,-6596.241827798395
50000,87,3,15,7,-6596.241827798395
50000,87,3,15,8,-6596.241827798395
50000,87,3,15,9,-798.8725538972576
50000,88,3,16,0,-16771.21529806452
50000,88,3,16,1,-16771.21529806452
50000,88,3,16,2,-16771.21529806452
50000,88,3,16,3,-16771.21529806452
50000,88,3,16,4,-16771.21529806452
50000,88,3,16,5,-16771.21529806452
50000,88,3,16,6,-16771.21529806452
50000,88,3,16,7,-16771.21529806452
50000,88,3,16,8,-16771.21529806452
50000,88,3,16,9,-13533.17017589627
50000,89,3,17,0,-6968.095796379355
50000,89,3,17,1,-6968.095796379355
50000,89,3,17,2,-6968.095796379355
50000,89,3,17,3,-6968.095796379355
50000,89,3,17,4,-6968.095796379355
50000,89,3,17,5,-6968.095796379355
50000,89,3,17,6,-6968.095796379355
50000,89,3,17,7,-6968.095796379355
50000,89,3,17,8,-6968.095796379355
50000,89,3,17,9,265.3329602877275
50000,90,3,18,0,-6532.82722356847
50000,90,3,18,1,-6532.82722356847
50000,90,3,18,2,-6532.82722356847
50000,90,3,18,3,-6532.82722356847
50000,90,3,18,4,-6532.82722356847
50000,90,3,18,5,-6532.82722356847
50000,90,3,18,6,-6532.82722356847
50000,90,3,18,7,-6532.82722356847
50000,90,3,18,8,-6532.82722356847
50000,90,3,18,9,-1738.8568828717653
50000,91,3,19,0,-6623.519753109259
50000,91,3,19,1,-6623.519753109259
50000,91,3,19,2,-6623.519753109259
50000,91,3,19,3,-6623.519753109259
50000,91,3,19,4,-6623.519753109259
50000,91,3,19,5,-6623.519753109259
50000,91,3,19,6,-6623.519753109259
50000,91,3,19,7,-6623.519753109259
50000,91,3,19,8,-6623.519753109259
50000,91,3,19,9,-3887.030407988259
50000,92,3,20,0,-6635.208384052908
50000,92,3,20,1,-6635.208384052908
50000,92,3,20,2,-6635.208384052908
50000,92,3,20,3,-6635.208384052908
50000,92,3,20,4,-6635.208384052908
50000,92,3,20,5,-6635.208384052908
50000,92,3,20,6,-6635.208384052908
50000,92,3,20,7,-6635.208384052908
50000,92,3,20,8,-6635.208384052908
50000,92,3,20,9,-4075.1535200214057
50000,93,3,21,0,-6421.80436208559
50000,93,3,21,1,-6421.80436208559
50000,93,3,21,2,-6421.80436208559
50000,93,3,21,3,-6421.80436208559
50000,93,3,21,4,-6421.80436208559
50000,93,3,21,5,-6421.80436208559
50000,93,3,21,6,-6421.80436208559
50000,93,3,21,7,-6421.80436208559
50000,93,3,21,8,-6421.80436208559
50000,93,3,21,9,-4450.371116665894
50000,94,3,22,0,-4868.804357463063
50000,94,3,22,1,-4868.804357463063
50000,94,3,22,2,-4868.804357463063
50000,94,3,22,3,-4868.804357463063
50000,94,3,22,4,-4868.804357463063
50000,94,3,22,5,-4868.804357463063
50000,94,3,22,6,-4868.804357463063
50000,94,3,22,7,-4868.804357463063
50000,94,3,22,8,-15667.522869088358
50000,94,3,22,9,-2435.8784822534144
50000,95,3,23,0,-6452.015641739643
50000,95,3,23,1,-6452.015641739643
50000,95,3,23,2,-6452.015641739643
50000,95,3,23,3,-6452.015641739643
50000,95,3,23,4,-6452.015641739643
50000,95,3,23,5,-6452.015641739643
50000,95,3,23,6,-6452.015641739643
50000,95,3,23,7,-6452.015641739643
50000,95,3,23,8,-6452.015641739643
50000,95,3,23,9,-4292.639589377846
50000,96,4,0,0,-6714.016972047282
50000,96,4,0,1,-6714.016972047282
50000,96,4,0,2,-6714.016972047282
50000,96,4,0,3,-6714.016972047282
50000,96,4,0,4,-6714.016972047282
50000,96,4,0,5,-6714.016972047282
50000,96,4,0,6,-6714.016972047282
50000,96,4,0,7,-6714.016972047282
50000,96,4,0,8,-6714.016972047282
50000,96,4,0,9,-3943.5164632838205
50000,97,4,1,0,-7156.07935674345
50000,97,4,1,1,-7156.07935674345
50000,97,4,1,2,-7156.07935674345
50000,97,4,1,3,-7156.07935674345
50000,97,4,1,4,-7156.07935674345
50000,97,4,1,5,-7156.07935674345
50000,97,4,1,6,-7156.07935674345
50000,97,4,1,7,-7156.07935674345
50000,97,4,1,8,-7156.07935674345
50000,97,4,1,9,-2686.702871214846
50000,98,4,2,0,-16345.354628314053
50000,98,4,2,1,-16345.354628314053
50000,98,4,2,2,-16345.354628314053
50000,98,4,2,3,-16345.354628314053
50000,98,4,2,4,-16345.354628314053
50000,98,4,2,5,-16345.354628314053
50000,98,4,2,6,-16345.354628314053
50000,98,4,2,7,-16345.354628314053
50000,98,4,2,8,-16345.354628314053
50000,98,4,2,9,-12373.872068031673
50000,99,4,3,0,-16214.96784702592
50000,99,4,3,1,-16214.96784702592
50000,99,4,3,2,-16214.96784702592
50000,99,4,3,3,-16214.96784702592
50000,99,4,3,4,-16214.96784702592
50000,99,4,3,5,-16214.96784702592
50000,99,4,3,6,-16214.96784702592
50000,99,4,3,7,-16214.96784702592
50000,99,4,3,8,-16214.96784702592
50000,99,4,3,9,-12543.293388574752
50000,100,4,4,0,-17011.473483985526
50000,100,4,4,1,-17011.473483985526
50000,100,4,4,2,-17011.473483985526
50000,100,4,4,3,-17011.473483985526
50000,100,4,4,4,-17011.473483985526
50000,100,4,4,5,-17011.473483985526
50000,100,4,4,6,-17011.473483985526
50000,100,4,4,7,-17011.473483985526
50000,100,4,4,8,-17011.473483985526
50000,100,4,4,9,-14233.777181519785
50000,101,4,5,0,-16831.898114921765
50000,101,4,5,1,-16831.898114921765
50000,101,4,5,2,-16831.898114921765
50000,101,4,5,3,-16831.898114921765
50000,101,4,5,4,-16831.898114921765
50000,101,4,5,5,-16831.898114921765
50000,101,4,5,6,-16831.898114921765
50000,101,4,5,7,-16831.898114921765
50000,101,4,5,8,-16831.898114921765
50000,101,4,5,9,-12751.187695949735
50000,102,4,6,0,-17620.61312495483
50000,102,4,6,1,-17620.61312495483
50000,102,4,6,2,-17620.61312495483
50000,102,4,6,3,-17620.61312495483
50000,102,4,6,4,-17620.61312495483
50000,102,4,6,5,-17620.61312495483
50000,102,4,6,6,-17620.61312495483
50000,102,4,6,7,-17620.61312495483
50000,102,4,6,8,-17620.61312495483
50000,102,4,6,9,-13091.406143143762
50000,103,4,7,0,-17071.910473723357
50000,103,4,7,1,-17071.910473723357
50000,103,4,7,2,-17071.910473723357
50000,103,4,7,3,-17071.910473723357
50000,103,4,7,4,-17071.910473723357
50000,103,4,7,5,-17071.910473723357
50000,103,4,7,6,-17071.910473723357
50000,103,4,7,7,-17071.910473723357
50000,103,4,7,8,-17071.910473723357
50000,103,4,7,9,-15127.500274766793
50000,104,4,8,0,-16455.818869386625
50000,104,4,8,1,-16455.818869386625
50000,104,4,8,2,-16455.818869386625
50000,104,4,8,3,-16455.818869386625
50000,104,4,8,4,-16455.818869386625
50000,104,4,8,5,-16455.818869386625
50000,104,4,8,6,-16455.818869386625
50000,104,4,8,7,-16455.818869386625
50000,104,4,8,8,-16455.818869386625
50000,104,4,8,9,-12033.813508478514
50000,105,4,9,0,-18114.851907092525
50000,105,4,9,1,-18114.851907092525
50000,105,4,9,2,-18114.851907092525
50000,105,4,9,3,-18114.851907092525
50000,105,4,9,4,-18114.851907092525
50000,105,4,9,5,-18114.851907092525
50000,105,4,9,6,-18114.851907092525
50000,105,4,9,7,-18114.851907092525
50000,105,4,9,8,-18114.851907092525
50000,105,4,9,9,-17918.051629398637
50000,106,4,10,0,-16146.276838904283
50000,106,4,10,1,-16146.276838904283
50000,106,4,10,2,-16146.276838904283
50000,106,4,10,3,-16146.276838904283
50000,106,4,10,4,-16146.276838904283
50000,106,4,10,5,-16146.276838904283
50000,106,4,10,6,-16146.276838904283
50000,106,4,10,7,-16146.276838904283
50000,106,4,10,8,-16146.276838904283
50000,106,4,10,9,-17482.818481724862
50000,107,4,11,0,-17305.558378160495
50000,107,4,11,1,-17305.558378160495
50000,107,4,11,2,-17305.558378160495
50000,107,4,11,3,-17305.558378160495
50000,107,4,11,4,-17305.558378160495
50000,107,4,11,5,-17305.558378160495
50000,107,4,11,6,-17305.558378160495
50000,107,4,11,7,-17305.558378160495
50000,107,4,11,8,-17305.558378160495
50000,107,4,11,9,-16722.984398528235
50000,108,4,12,0,-6787.347214845999
50000,108,4,12,1,-6787.347214845999
50000,108,4,12,2,-6787.347214845999
50000,108,4,12,3,-6787.347214845999
50000,108,4,12,4,-6787.347214845999
50000,108,4,12,5,-6787.347214845999
50000,108,4,12,6,-6787.347214845999
50000,108,4,12,7,-6787.347214845999
50000,108,4,12,8,-6787.347214845999
50000,108,4,12,9,-4258.320128253916
50000,109,4,13,0,-6874.108029031506
50000,109,4,13,1,-6874.108029031506
50000,109,4,13,2,-6874.108029031506
50000,109,4,13,3,-6874.108029031506
50000,109,4,13,4,-6874.108029031506
50000,109,4,13,5,-6874.108029031506
50000,109,4,13,6,-6874.108029031506
50000,109,4,13,7,-6874.108029031506
50000,109,4,13,8,-6874.108029031506
50000,109,4,13,9,-3237.7544874601153
50000,110,4,14,0,-6445.795311202906
50000,110,4,14,1,-6445.795311202906
50000,110,4,14,2,-6445.795311202906
50000,110,4,14,3,-6445.795311202906
50000,110,4,14,4,-6445.795311202906
50000,110,4,14,5,-6445.795311202906
50000,110,4,14,6,-6445.795311202906
50000,110,4,14,7,-6445.795311202906
50000,110,4,14,8,-17877.37747077147
50000,110,4,14,9,-3798.2496679832548
50000,111,4,15,0,-16201.86257593724
50000,111,4,15,1,-16201.86257593724
50000,111,4,15,2,-16201.86257593724
50000,111,4,15,3,-16201.86257593724
50000,111,4,15,4,-16201.86257593724
50000,111,4,15,5,-16201.86257593724
50000,111,4,15,6,-16201.86257593724
50000,111,4,15,7,-16201.86257593724
50000,111,4,15,8,-16201.86257593724
50000,111,4,15,9,-16374.796434466323
50000,112,4,16,0,-6840.2692929676705
50000,112,4,16,1,-6840.2692929676705
50000,112,4,16,2,-6840.2692929676705
50000,112,4,16,3,-6840.2692929676705
50000,112,4,16,4,-6840.2692929676705
50000,112,4,16,5,-6840.2692929676705
50000,112,4,16,6,-6840.2692929676705
50000,112,4,16,7,-6840.2692929676705
50000,112,4,16,8,-6840.2692929676705
50000,112,4,16,9,-3027.606358434361
50000,113,4,17,0,-7105.325381242972
50000,113,4,17,1,-7105.325381242972
50000,113,4,17,2,-7105.325381242972
50000,113,4,17,3,-7105.325381242972
50000,113,4,17,4,-7105.325381242972
50000,113,4,17,5,-7105.325381242972
50000,113,4,17,6,-7105.325381242972
50000,113,4,17,7,-7105.325381242972
50000,113,4,17,8,-7105.325381242972
50000,113,4,17,9,-4413.126318605631
50000,114,4,18,0,-6543.219140062314
50000,114,4,18,1,-6543.219140062314
50000,114,4,18,2,-6543.219140062314
50000,114,4,18,3,-6543.219140062314
50000,114,4,18,4,-6543.219140062314
50000,114,4,18,5,-6543.219140062314
50000,114,4,18,6,-6543.219140062314
50000,114,4,18,7,-6543.219140062314
50000,114,4,18,8,-6543.219140062314
50000,114,4,18,9,-3770.1854969018023
50000,115,4,19,0,-6500.969293763836
50000,115,4,19,1,-6500.969293763836
50000,115,4,19,2,-6500.969293763836
50000,115,4,19,3,-6500.969293763836
50000,115,4,19,4,-6500.969293763836
50000,115,4,19,5,-6500.969293763836
50000,115,4,19,6,-6500.969293763836
50000,115,4,19,7,-6500.969293763836
50000,115,4,19,8,-6500.969293763836
50000,115,4,19,9,-1655.254256964301
50000,116,4,20,0,-6544.075838364674
50000,116,4,20,1,-6544.075838364674
50000,116,4,20,2,-6544.075838364674
50000,116,4,20,3,-6544.075838364674
50000,116,4,20,4,-6544.075838364674
50000,116,4,20,5,-6544.075838364674
50000,116,4,20,6,-6544.075838364674
50000,116,4,20,7,-6544.075838364674
50000,116,4,20,8,-6544.075838364674
50000,116,4,20,9,-1405.911340756731
50000,117,4,21,0,-10928.444234762565
50000,117,4,21,1,-10928.444234762565
50000,117,4,21,2,-10928.444234762565
50000,117,4,21,3,-10928.444234762565
50000,117,4,21,4,-10928.444234762565
50000,117,4,21,5,-10928.444234762565
50000,117,4,21,6,-10928.444234762565
50000,117,4,21,7,-10928.444234762565
50000,117,4,21,8,-10928.444234762565
50000,117,4,21,9,-6577.584535103611
50000,118,4,22,0,-16192.246404574527
50000,118,4,22,1,-16192.246404574527
50000,118,4,22,2,-16192.246404574527
50000,118,4,22,3,-16192.246404574527
50000,118,4,22,4,-16192.246404574527
50000,118,4,22,5,-16192.246404574527
50000,118,4,22,6,-16192.246404574527
50000,118,4,22,7,-16192.246404574527
50000,118,4,22,8,-16192.246404574527
50000,118,4,22,9,-17678.396357007645
50000,119,4,23,0,-6652.921359871212
50000,119,4,23,1,-6652.921359871212
50000,119,4,23,2,-6652.921359871212
50000,119,4,23,3,-6652.921359871212
50000,119,4,23,4,-6652.921359871212
50000,119,4,23,5,-6652.921359871212
50000,119,4,23,6,-6652.921359871212
50000,119,4,23,7,-6652.921359871212
50000,119,4,23,8,-6652.921359871212
50000,119,4,23,9,-4990.579975318178
50000,120,5,0,0,-6695.8200709796065
50000,120,5,0,1,-6695.8200709796065
50000,120,5,0,2,-6695.8200709796065
50000,120,5,0,3,-6695.8200709796065
50000,120,5,0,4,-6695.8200709796065
50000,120,5,0,5,-6695.8200709796065
50000,120,5,0,6,-6695.8200709796065
50000,120,5,0,7,-6695.8200709796065
50000,120,5,0,8,-6695.8200709796065
50000,120,5,0,9,-2530.728911545626
50000,121,5,1,0,-6648.3575271487925
50000,121,5,1,1,-6648.3575271487925
50000,121,5,1,2,-6648.3575271487925
50000,121,5,1,3,-6648.3575271487925
50000,121,5,1,4,-6648.3575271487925
50000,121,5,1,5,-6648.3575271487925
50000,121,5,1,6,-6648.3575271487925
50000,121,5,1,7,-6648.3575271487925
50000,121,5,1,8,-6648.3575271487925
50000,121,5,1,9,-3390.8980551307286
50000,122,5,2,0,-16536.968423651477
50000,122,5,2,1,-16536.968423651477
50000,122,5,2,2,-16536.968423651477
50000,122,5,2,3,-16536.968423651477
50000,122,5,2,4,-16536.968423651477
50000,122,5,2,5,-16536.968423651477
50000,122,5,2,6,-16536.968423651477
50000,122,5,2,7,-16536.968423651477
50000,122,5,2,8,-16536.968423651477
50000,122,5,2,9,-11543.493255612731
50000,123,5,3,0,-17267.949915345493
50000,123,5,3,1,-17267.949915345493
50000,123,5,3,2,-17267.949915345493
50000,123,5,3,3,-17267.949915345493
50000,123,5,3,4,-17267.949915345493
50000,123,5,3,5,-17267.949915345493
50000,123,5,3,6,-17267.949915345493
50000,123,5,3,7,-17267.949915345493
50000,123,5,3,8,-17267.949915345493
50000,123,5,3,9,-6727.103077826399
50000,124,5,4,0,-16330.231109706634
50000,124,5,4,1,-16330.231109706634
50000,124,5,4,2,-16330.231109706634
50000,124,5,4,3,-16330.231109706634
50000,124,5,4,4,-16330.231109706634
50000,124,5,4,5,-16330.231109706634
50000,124,5,4,6,-16330.231109706634
50000,124,5,4,7,-16330.231109706634
50000,124,5,4,8,-16330.231109706634
50000,124,5,4,9,-14391.59705675277
50000,125,5,5,0,-16604.928161741485
50000,125,5,5,1,-16604.928161741485
50000,125,5,5,2,-16604.928161741485
50000,125,5,5,3,-16604.928161741485
50000,125,5,5,4,-16604.928161741485
50000,125,5,5,5,-16604.928161741485
50000,125,5,5,6,-16604.928161741485
50000,125,5,5,7,-16604.928161741485
50000,125,5,5,8,-16604.928161741485
50000,125,5,5,9,-10566.958596505523
50000,126,5,6,0,-17237.698768562113
50000,126,5,6,1,-17237.698768562113
50000,126,5,6,2,-17237.698768562113
50000,126,5,6,3,-17237.698768562113
50000,126,5,6,4,-17237.698768562113
50000,126,5,6,5,-17237.698768562113
50000,126,5,6,6,-17237.698768562113
50000,126,5,6,7,-17237.698768562113
50000,126,5,6,8,-17237.698768562113
50000,126,5,6,9,-15742.391396879219
50000,127,5,7,0,-6851.083931641252
50000,127,5,7,1,-6851.083931641252
50000,127,5,7,2,-6851.083931641252
50000,127,5,7,3,-6851.083931641252
50000,127,5,7,4,-6851.083931641252
50000,127,5,7,5,-6851.083931641252
50000,127,5,7,6,-6851.083931641252
50000,127,5,7,7,-6851.083931641252
50000,127,5,7,8,-6851.083931641252
50000,127,5,7,9,-2977.294757972384
50000,128,5,8,0,-6962.270517955369
50000,128,5,8,1,-6962.270517955369
50000,128,5,8,2,-6962.270517955369
50000,128,5,8,3,-6962.270517955369
50000,128,5,8,4,-6962.270517955369
50000,128,5,8,5,-6962.270517955369
50000,128,5,8,6,-6962.270517955369
50000,128,5,8,7,-6962.270517955369
50000,128,5,8,8,-6962.270517955369
50000,128,5,8,9,-6058.611964415715
50000,129,5,9,0,-7160.14264384581
50000,129,5,9,1,-7160.14264384581
50000,129,5,9,2,-7160.14264384581
50000,129,5,9,3,-7160.14264384581
50000,129,5,9,4,-7160.14264384581
50000,129,5,9,5,-7160.14264384581
50000,129,5,9,6,-7160.14264384581
50000,129,5,9,7,-7160.14264384581
50000,129,5,9,8,-7160.14264384581
50000,129,5,9,9,-5474.6121071448
50000,130,5,10,0,-7586.928053914966
50000,130,5,10,1,-7586.928053914966
50000,130,5,10,2,-7586.928053914966
50000,130,5,10,3,-7586.928053914966
50000,130,5,10,4,-7586.928053914966
50000,130,5,10,5,-7586.928053914966
50000,130,5,10,6,-7586.928053914966
50000,130,5,10,7,-7586.928053914966
50000,130,5,10,8,-7586.928053914966
50000,130,5,10,9,-1365.7233475830071
50000,131,5,11,0,-16739.95008643619
50000,131,5,11,1,-16739.95008643619
50000,131,5,11,2,-16739.95008643619
50000,131,5,11,3,-16739.95008643619
50000,131,5,11,4,-16739.95008643619
50000,131,5,11,5,-16739.95008643619
50000,131,5,11,6,-16739.95008643619
50000,131,5,11,7,-16739.95008643619
50000,131,5,11,8,-16739.95008643619
50000,131,5,11,9,-14168.608206527868
50000,132,5,12,0,-17117.22938850282
50000,132,5,12,1,-17117.22938850282
50000,132,5,12,2,-17117.22938850282
50000,132,5,12,3,-17117.22938850282
50000,132,5,12,4,-17117.22938850282
50000,132,5,12,5,-17117.22938850282
50000,132,5,12,6,-17117.22938850282
50000,132,5,12,7,-17117.22938850282
50000,132,5,12,8,-17117.22938850282
50000,132,5,12,9,-14644.88217195982
50000,133,5,13,0,-16751.148858080393
50000,133,5,13,1,-16751.148858080393
50000,133,5,13,2,-16751.148858080393
50000,133,5,13,3,-16751.148858080393
50000,133,5,13,4,-16751.148858080393
50000,133,5,13,5,-16751.148858080393
50000,133,5,13,6,-16751.148858080393
50000,133,5,13,7,-16751.148858080393
50000,133,5,13,8,-16751.148858080393
50000,133,5,13,9,-15294.83055914583
50000,134,5,14,0,-17775.264193425144
50000,134,5,14,1,-17775.264193425144
50000,134,5,14,2,-17775.264193425144
50000,134,5,14,3,-17775.264193425144
50000,134,5,14,4,-17775.264193425144
50000,134,5,14,5,-17775.264193425144
50000,134,5,14,6,-17775.264193425144
50000,134,5,14,7,-17775.264193425144
50000,134,5,14,8,-17775.264193425144
50000,134,5,14,9,-16352.545921223267
50000,135,5,15,0,-18976.37284436468
50000,135,5,15,1,-18976.37284436468
50000,135,5,15,2,-18976.37284436468
50000,135,5,15,3,-18976.37284436468
50000,135,5,15,4,-18976.37284436468
50000,135,5,15,5,-18976.37284436468
50000,135,5,15,6,-18976.37284436468
50000,135,5,15,7,-18976.37284436468
50000,135,5,15,8,-18976.37284436468
50000,135,5,15,9,-15876.083015996828
50000,136,5,16,0,-16534.09912752106
50000,136,5,16,1,-16534.09912752106
50000,136,5,16,2,-16534.09912752106
50000,136,5,16,3,-16534.09912752106
50000,136,5,16,4,-16534.09912752106
50000,136,5,16,5,-16534.09912752106
50000,136,5,16,6,-16534.09912752106
50000,136,5,16,7,-16534.09912752106
50000,136,5,16,8,-16534.09912752106
50000,136,5,16,9,-15724.225038057291
50000,137,5,17,0,-7136.658774900707
50000,137,5,17,1,-7136.658774900707
50000,137,5,17,2,-7136.658774900707
50000,137,5,17,3,-7136.658774900707
50000,137,5,17,4,-7136.658774900707
50000,137,5,17,5,-7136.658774900707
50000,137,5,17,6,-7136.658774900707
50000,137,5,17,7,-7136.658774900707
50000,137,5,17,8,-7136.658774900707
50000,137,5,17,9,-3040.7750230940364
50000,138,5,18,0,-12713.117802734878
50000,138,5,18,1,-12713.117802734878
50000,138,5,18,2,-12713.117802734878
50000,138,5,18,3,-12713.117802734878
50000,138,5,18,4,-12713.117802734878
50000,138,5,18,5,-12713.117802734878
50000,138,5,18,6,-12713.117802734878
50000,138,5,18,7,-12713.117802734878
50000,138,5,18,8,-29686.19281838656
50000,138,5,18,9,-12758.775125041448
50000,139,5,19,0,-6769.349028456651
50000,139,5,19,1,-6769.349028456651
50000,139,5,19,2,-6769.349028456651
50000,139,5,19,3,-6769.349028456651
50000,139,5,19,4,-6769.349028456651
50000,139,5,19,5,-6769.349028456651
50000,139,5,19,6,-6769.349028456651
50000,139,5,19,7,-6769.349028456651
50000,139,5,19,8,-19953.431177290182
50000,139,5,19,9,-3067.5414439417873
50000,140,5,20,0,-6684.869313289605
50000,140,5,20,1,-6684.869313289605
50000,140,5,20,2,-6684.869313289605
50000,140,5,20,3,-6684.869313289605
50000,140,5,20,4,-6684.869313289605
50000,140,5,20,5,-6684.869313289605
50000,140,5,20,6,-6684.869313289605
50000,140,5,20,7,-6684.869313289605
50000,140,5,20,8,-6684.869313289605
50000,140,5,20,9,-2712.52164049782
50000,141,5,21,0,-6778.2425700818185
50000,141,5,21,1,-6778.2425700818185
50000,141,5,21,2,-6778.2425700818185
50000,141,5,21,3,-6778.2425700818185
50000,141,5,21,4,-6778.2425700818185
50000,141,5,21,5,-6778.2425700818185
50000,141,5,21,6,-6778.2425700818185
50000,141,5,21,7,-6778.2425700818185
50000,141,5,21,8,-6778.2425700818185
50000,141,5,21,9,-2799.3507637001494
50000,142,5,22,0,-14392.773435673851
50000,142,5,22,1,-14392.773435673851
50000,142,5,22,2,-14392.773435673851
50000,142,5,22,3,-14392.773435673851
50000,142,5,22,4,-14392.773435673851
50000,142,5,22,5,-14392.773435673851
50000,142,5,22,6,-14392.773435673851
50000,142,5,22,7,-14392.773435673851
50000,142,5,22,8,-29913.437735411855
50000,142,5,22,9,-18060.74472243034
50000,143,5,23,0,-13815.362350142721
50000,143,5,23,1,-13815.362350142721
50000,143,5,23,2,-13815.362350142721
50000,143,5,23,3,-13815.362350142721
50000,143,5,23,4,-13815.362350142721
50000,143,5,23,5,-13815.362350142721
50000,143,5,23,6,-13815.362350142721
50000,143,5,23,7,-13815.362350142721
50000,143,5,23,8,-33969.19134591693
50000,143,5,23,9,-13669.650838001879
50000,144,6,0,0,-16497.528132916766
50000,144,6,0,1,-16497.528132916766
50000,144,6,0,2,-16497.528132916766
50000,144,6,0,3,-16497.528132916766
50000,144,6,0,4,-16497.528132916766
50000,144,6,0,5,-16497.528132916766
50000,144,6,0,6,-16497.528132916766
50000,144,6,0,7,-16497.528132916766
50000,144,6,0,8,-16497.528132916766
50000,144,6,0,9,-15567.79667846772
50000,145,6,1,0,-16357.259181904066
50000,145,6,1,1,-16357.259181904066
50000,145,6,1,2,-16357.259181904066
50000,145,6,1,3,-16357.259181904066
50000,145,6,1,4,-16357.259181904066
50000,145,6,1,5,-16357.259181904066
50000,145,6,1,6,-16357.259181904066
50000,145,6,1,7,-16357.259181904066
50000,145,6,1,8,-16357.259181904066
50000,145,6,1,9,-15236.295251923639
50000,146,6,2,0,-17875.06587058933
50000,146,6,2,1,-17875.06587058933
50000,146,6,2,2,-17875.06587058933
50000,146,6,2,3,-17875.06587058933
50000,146,6,2,4,-17875.06587058933
50000,146,6,2,5,-17875.06587058933
50000,146,6,2,6,-17875.06587058933
50000,146,6,2,7,-17875.06587058933
50000,146,6,2,8,-37607.681606010796
50000,146,6,2,9,-17845.908555288443
50000,147,6,3,0,-16867.716090497754
50000,147,6,3,1,-16867.716090497754
50000,147,6,3,2,-16867.716090497754
50000,147,6,3,3,-16867.716090497754
50000,147,6,3,4,-16867.716090497754
50000,147,6,3,5,-16867.716090497754
50000,147,6,3,6,-16867.716090497754
50000,147,6,3,7,-16867.716090497754
50000,147,6,3,8,-16867.716090497754
50000,147,6,3,9,-9251.824062492236
50000,148,6,4,0,-16357.99071698291
50000,148,6,4,1,-16357.99071698291
50000,148,6,4,2,-16357.99071698291
50000,148,6,4,3,-16357.99071698291
50000,148,6,4,4,-16357.99071698291
50000,148,6,4,5,-16357.99071698291
50000,148,6,4,6,-16357.99071698291
50000,148,6,4,7,-16357.99071698291
50000,148,6,4,8,-16357.99071698291
50000,148,6,4,9,-9500.065247856492
50000,149,6,5,0,-17597.230719722087
50000,149,6,5,1,-17597.230719722087
50000,149,6,5,2,-17597.230719722087
50000,149,6,5,3,-17597.230719722087
50000,149,6,5,4,-17597.230719722087
50000,149,6,5,5,-17597.230719722087
50000,149,6,5,6,-17597.230719722087
50000,149,6,5,7,-17597.230719722087
50000,149,6,5,8,-17597.230719722087
50000,149,6,5,9,5.945222556445515
50000,150,6,6,0,-16390.447976313386
50000,150,6,6,1,-16390.447976313386
50000,150,6,6,2,-16390.447976313386
50000,150,6,6,3,-16390.447976313386
50000,150,6,6,4,-16390.447976313386
50000,150,6,6,5,-16390.447976313386
50000,150,6,6,6,-16390.447976313386
50000,150,6,6,7,-16390.447976313386
50000,150,6,6,8,-16390.447976313386
50000,150,6,6,9,-13880.376130378758
50000,151,6,7,0,-16207.868465396617
50000,151,6,7,1,-16207.868465396617
50000,151,6,7,2,-16207.868465396617
50000,151,6,7,3,-16207.868465396617
50000,151,6,7,4,-16207.868465396617
50000,151,6,7,5,-16207.868465396617
50000,151,6,7,6,-16207.868465396617
50000,151,6,7,7,-16207.868465396617
50000,151,6,7,8,-16207.868465396617
50000,151,6,7,9,-5596.792218368242
50000,152,6,8,0,-16773.12999864789
50000,152,6,8,1,-16773.12999864789
50000,152,6,8,2,-16773.12999864789
50000,152,6,8,3,-16773.12999864789
50000,152,6,8,4,-16773.12999864789
50000,152,6,8,5,-16773.12999864789
50000,152,6,8,6,-16773.12999864789
50000,152,6,8,7,-16773.12999864789
50000,152,6,8,8,-16773.12999864789
50000,152,6,8,9,-4561.038297438019
50000,153,6,9,0,-16719.352145337536
50000,153,6,9,1,-16719.352145337536
50000,153,6,9,2,-16719.352145337536
50000,153,6,9,3,-16719.352145337536
50000,153,6,9,4,-16719.352145337536
50000,153,6,9,5,-16719.352145337536
50000,153,6,9,6,-16719.352145337536
50000,153,6,9,7,-16719.352145337536
50000,153,6,9,8,-16719.352145337536
50000,153,6,9,9,-8500.87570660303
50000,154,6,10,0,-17275.72858051541
50000,154,6,10,1,-17275.72858051541
50000,154,6,10,2,-17275.72858051541
50000,154,6,10,3,-17275.72858051541
50000,154,6,10,4,-17275.72858051541
50000,154,6,10,5,-17275.72858051541
50000,154,6,10,6,-17275.72858051541
50000,154,6,10,7,-17275.72858051541
50000,154,6,10,8,-17275.72858051541
50000,154,6,10,9,-8434.618021705439
50000,155,6,11,0,-16217.170178446264
50000,155,6,11,1,-16217.170178446264
50000,155,6,11,2,-16217.170178446264
50000,155,6,11,3,-16217.170178446264
50000,155,6,11,4,-16217.170178446264
50000,155,6,11,5,-16217.170178446264
50000,155,6,11,6,-16217.170178446264
50000,155,6,11,7,-16217.170178446264
50000,155,6,11,8,-16217.170178446264
50000,155,6,11,9,-4485.694222097052
50000,156,6,12,0,-17163.57551660488
50000,156,6,12,1,-17163.57551660488
50000,156,6,12,2,-17163.57551660488
50000,156,6,12,3,-17163.57551660488
50000,156,6,12,4,-17163.57551660488
50000,156,6,12,5,-17163.57551660488
50000,156,6,12,6,-17163.57551660488
50000,156,6,12,7,-17163.57551660488
50000,156,6,12,8,-17163.57551660488
50000,156,6,12,9,-7152.692960904784
50000,157,6,13,0,-16359.686175745048
50000,157,6,13,1,-16359.686175745048
50000,157,6,13,2,-16359.686175745048
50000,157,6,13,3,-16359.686175745048
50000,157,6,13,4,-16359.686175745048
50000,157,6,13,5,-16359.686175745048
50000,157,6,13,6,-16359.686175745048
50000,157,6,13,7,-16359.686175745048
50000,157,6,13,8,-16359.686175745048
50000,157,6,13,9,-6291.614745664003
50000,158,6,14,0,-16983.50205275406
50000,158,6,14,1,-16983.50205275406
50000,158,6,14,2,-16983.50205275406
50000,158,6,14,3,-16983.50205275406
50000,158,6,14,4,-16983.50205275406
50000,158,6,14,5,-16983.50205275406
50000,158,6,14,6,-16983.50205275406
50000,158,6,14,7,-16983.50205275406
50000,158,6,14,8,-16983.50205275406
50000,158,6,14,9,-7269.578285623036
50000,159,6,15,0,-17401.90770723612
50000,159,6,15,1,-17401.90770723612
50000,159,6,15,2,-17401.90770723612
50000,159,6,15,3,-17401.90770723612
50000,159,6,15,4,-17401.90770723612
50000,159,6,15,5,-17401.90770723612
50000,159,6,15,6,-17401.90770723612
50000,159,6,15,7,-17401.90770723612
50000,159,6,15,8,-17401.90770723612
50000,159,6,15,9,-6495.620924143659
50000,160,6,16,0,-16756.115756578212
50000,160,6,16,1,-16756.115756578212
50000,160,6,16,2,-16756.115756578212
50000,160,6,16,3,-16756.115756578212
50000,160,6,16,4,-16756.115756578212
50000,160,6,16,5,-16756.115756578212
50000,160,6,16,6,-16756.115756578212
50000,160,6,16,7,-16756.115756578212
50000,160,6,16,8,-16756.115756578212
50000,160,6,16,9,-7247.3614319034605
50000,161,6,17,0,-16876.680009635107
50000,161,6,17,1,-16876.680009635107
50000,161,6,17,2,-16876.680009635107
50000,161,6,17,3,-16876.680009635107
50000,161,6,17,4,-16876.680009635107
50000,161,6,17,5,-16876.680009635107
50000,161,6,17,6,-16876.680009635107
50000,161,6,17,7,-16876.680009635107
50000,161,6,17,8,-16876.680009635107
50000,161,6,17,9,-8911.969202812747
50000,162,6,18,0,-17458.395331706735
50000,162,6,18,1,-17458.395331706735
50000,162,6,18,2,-17458.395331706735
50000,162,6,18,3,-17458.395331706735
50000,162,6,18,4,-17458.395331706735
50000,162,6,18,5,-17458.395331706735
50000,162,6,18,6,-17458.395331706735
50000,162,6,18,7,-17458.395331706735
50000,162,6,18,8,-17458.395331706735
50000,162,6,18,9,-13895.541165496867
50000,163,6,19,0,-6781.099812674591
50000,163,6,19,1,-6781.099812674591
50000,163,6,19,2,-6781.099812674591
50000,163,6,19,3,-6781.099812674591
50000,163,6,19,4,-6781.099812674591
50000,163,6,19,5,-6781.099812674591
50000,163,6,19,6,-6781.099812674591
50000,163,6,19,7,-6781.099812674591
50000,163,6,19,8,-6781.099812674591
50000,163,6,19,9,-3980.0413129621265
50000,164,6,20,0,-16370.723518034898
50000,164,6,20,1,-16370.723518034898
50000,164,6,20,2,-16370.723518034898
50000,164,6,20,3,-16370.723518034898
50000,164,6,20,4,-16370.723518034898
50000,164,6,20,5,-16370.723518034898
50000,164,6,20,6,-16370.723518034898
50000,164,6,20,7,-16370.723518034898
50000,164,6,20,8,-16370.723518034898
50000,164,6,20,9,-14510.857520277223
50000,165,6,21,0,-6527.506928266699
50000,165,6,21,1,-6527.506928266699
50000,165,6,21,2,-6527.506928266699
50000,165,6,21,3,-6527.506928266699
50000,165,6,21,4,-6527.506928266699
50000,165,6,21,5,-6527.506928266699
50000,165,6,21,6,-6527.506928266699
50000,165,6,21,7,-6527.506928266699
50000,165,6,21,8,-6527.506928266699
50000,165,6,21,9,-2926.3907320735198
50000,166,6,22,0,-8811.804135901672
50000,166,6,22,1,-8811.804135901672
50000,166,6,22,2,-8811.804135901672
50000,166,6,22,3,-8811.804135901672
50000,166,6,22,4,-8811.804135901672
50000,166,6,22,5,-8811.804135901672
50000,166,6,22,6,-8811.804135901672
50000,166,6,22,7,-8811.804135901672
50000,166,6,22,8,-8811.804135901672
50000,166,6,22,9,-5491.658823977283
50000,167,6,23,0,-17462.361863748923
50000,167,6,23,1,-17462.361863748923
50000,167,6,23,2,-17462.361863748923
50000,167,6,23,3,-17462.361863748923
50000,167,6,23,4,-17462.361863748923
50000,167,6,23,5,-17462.361863748923
50000,167,6,23,6,-17462.361863748923
50000,167,6,23,7,-17462.361863748923
50000,167,6,23,8,-17462.361863748923
50000,167,6,23,9,-13841.39021138458
